cd_table,cd_trajectoire,dt_trajectoire,cd_societe,cd_canton,cd_prtf_ifrs17,cd_fampdt,cd_cnt,nb_cnt,cd_asse_sexe,dt_asse_naiss,dt_cnt_effet,mt_pm_eu,cd_hrg_eu,mt_pm_uc,cd_hrg_uc,cd_prst_rt_cat,cd_capitalisation,tmg,tmg_type,taf,tfgse,tfgse_uc,cd_hyp_mort_exp,cd_hyp_mort_prov,tx_prst_chgt,tx_action_t1,tx_action_t2,tx_action_strat,tx_immobilier,proj_date_debut,nb_asse_age_mois,nb_asse_age_annee,nb_cnt_anciennete_mois,nb_cnt_anciennete_annee,tmg_brt,generation
mp_passif_ep_reel_2212,reel,2022-12-31,ACCENTURE,C00001,EP_IND,EP_IND_1,1,1.0,H,1945-12-31,2004-12-31,1035.0,30001,259.0,31001,6,capi,0.0275,net,1.0,0.0107,0.0132,TGHTGF05,TGHTGF05,0.02,1.0,0.0,0.0,0.0,2022-12-31,924,77,216,18,0.0382,1945
mp_passif_ep_reel_2212,reel,2022-12-31,ACCENTURE,C00001,EP_IND,EP_IND_1,2,1.0,H,1949-10-31,2019-12-31,15264.0,30001,3816.0,31001,4,ncapi,0.0,net,0.9,0.0096,0.0121,TGHTGF05,TGHTGF05,0.02,1.0,0.0,0.0,0.0,2022-12-31,878,73,36,3,0.010666666666666666,1949
mp_passif_ep_reel_2212,reel,2022-12-31,ACCENTURE,C00001,EP_IND,EP_IND_1,3,1.0,H,1950-12-31,1994-12-31,905.0,30001,226.0,31001,2,ncapi,0.0,net,0.9,0.0066,0.0091,TGHTGF05,TGHTGF05,0.02,1.0,0.0,0.0,0.0,2022-12-31,864,72,336,28,0.007333333333333333,1950
mp_passif_ep_reel_2212,reel,2022-12-31,ACCENTURE,C00001,EP_IND,EP_IND_1,4,1.0,H,1950-02-28,2017-12-31,543532.0,30001,135883.0,31001,6,ncapi,0.0,net,0.9,0.0081,0.0106,TGHTGF05,TGHTGF05,0.02,1.0,0.0,0.0,0.0,2022-12-31,874,72,60,5,0.009,1950
mp_passif_ep_reel_2212,reel,2022-12-31,ACCENTURE,C00001,EP_IND,EP_IND_1,5,1.0,H,1952-02-29,2002-12-31,3548.0,30001,887.0,31001,6,ncapi,0.0025,net,1.0,0.0096,0.0121,TGHTGF05,TGHTGF05,0.02,1.0,0.0,0.0,0.0,2022-12-31,850,70,240,20,0.0121,1952
mp_passif_ep_reel_2212,reel,2022-12-31,ACCENTURE,C00001,EP_IND,EP_IND_1,6,1.0,H,1956-03-31,2002-12-31,4405.0,30001,1101.0,31001,6,ncapi,0.03,net,1.0,0.0096,0.0121,TGHTGF05,TGHTGF05,0.02,1.0,0.0,0.0,0.0,2022-12-31,801,66,240,20,0.039599999999999996,1956
mp_passif_ep_reel_2212,reel,2022-12-31,ACCENTURE,C00001,EP_IND,EP_IND_1,7,1.0,H,1956-04-30,2006-12-31,1963.0,30001,491.0,31001,6,ncapi,0.0,net,1.0,0.009,0.0115,TGHTGF05,TGHTGF05,0.02,1.0,0.0,0.0,0.0,2022-12-31,800,66,192,16,0.009,1956
mp_passif_ep_reel_2212,reel,2022-12-31,ACCENTURE,C00001,EP_IND,EP_IND_1,8,1.0,H,1956-07-31,2009-12-31,927.0,30001,232.0,31001,6,ncapi,0.0,net,0.85,0.0085,0.011,TGHTGF05,TGHTGF05,0.02,1.0,0.0,0.0,0.0,2022-12-31,797,66,156,13,0.01,1956
mp_passif_ep_reel_2212,reel,2022-12-31,ACCENTURE,C00001,EP_IND,EP_IND_1,9,1.0,H,1956-08-31,2018-12-31,469909.0,30001,117477.0,31001,4,ncapi,0.0,net,0.9,0.0079,0.0104,TGHTGF05,TGHTGF05,0.02,1.0,0.0,0.0,0.0,2022-12-31,796,66,48,4,0.008777777777777778,1956
mp_passif_ep_reel_2212,reel,2022-12-31,ACCENTURE,C00001,EP_IND,EP_IND_1,10,1.0,H,1957-05-31,2020-12-31,1051034.0,30001,262759.0,31001,6,ncapi,0.0,net,0.9,0.0079,0.0104,TGHTGF05,TGHTGF05,0.02,1.0,0.0,0.0,0.0,2022-12-31,787,65,24,2,0.008777777777777778,1957
mp_passif_ep_reel_2212,reel,2022-12-31,ACCENTURE,C00001,EP_IND,EP_IND_1,11,1.0,H,1957-05-31,2018-12-31,150724.0,30001,37681.0,31001,6,ncapi,0.0,net,0.9,0.0078,0.0103,TGHTGF05,TGHTGF05,0.02,1.0,0.0,0.0,0.0,2022-12-31,787,65,48,4,0.008666666666666666,1957
mp_passif_ep_reel_2212,reel,2022-12-31,ACCENTURE,C00001,EP_IND,EP_IND_1,12,1.0,H,1957-06-30,2010-12-31,99965.0,30001,24991.0,31001,6,ncapi,0.0,net,0.85,0.0091,0.0116,TGHTGF05,TGHTGF05,0.02,1.0,0.0,0.0,0.0,2022-12-31,786,65,144,12,0.010705882352941178,1957
mp_passif_ep_reel_2212,reel,2022-12-31,ACCENTURE,C00001,EP_IND,EP_IND_1,13,1.0,H,1957-11-30,2007-12-31,52922.0,30001,13231.0,31001,6,ncapi,0.0,net,1.0,0.0106,0.0131,TGHTGF05,TGHTGF05,0.02,1.0,0.0,0.0,0.0,2022-12-31,781,65,180,15,0.0106,1957
mp_passif_ep_reel_2212,reel,2022-12-31,ACCENTURE,C00001,EP_IND,EP_IND_1,14,1.0,H,1958-10-31,2006-12-31,56463.0,30001,14116.0,31001,6,ncapi,0.025,net,1.0,0.0106,0.0131,TGHTGF05,TGHTGF05,0.02,1.0,0.0,0.0,0.0,2022-12-31,770,64,192,16,0.0356,1958
mp_passif_ep_reel_2212,reel,2022-12-31,ACCENTURE,C00001,EP_IND,EP_IND_1,15,1.0,H,1958-11-30,2001-12-31,78692.0,30001,19673.0,31001,2,ncapi,0.0,net,0.96,0.0066,0.0091,TGHTGF05,TGHTGF05,0.02,1.0,0.0,0.0,0.0,2022-12-31,769,64,252,21,0.006875,1958
mp_passif_ep_reel_2212,reel,2022-12-31,ACCENTURE,C00001,EP_IND,EP_IND_1,16,1.0,H,1960-12-31,2005-12-31,28213.0,30001,7053.0,31001,6,ncapi,0.025,net,1.0,0.0104,0.0129,TGHTGF05,TGHTGF05,0.02,1.0,0.0,0.0,0.0,2022-12-31,744,62,204,17,0.0354,1960
mp_passif_ep_reel_2212,reel,2022-12-31,ACCENTURE,C00001,EP_IND,EP_IND_1,17,1.0,H,1960-02-29,2003-12-31,1177.0,30001,294.0,31001,6,ncapi,0.0075,net,1.0,0.0104,0.0129,TGHTGF05,TGHTGF05,0.02,1.0,0.0,0.0,0.0,2022-12-31,754,62,228,19,0.0179,1960
mp_passif_ep_reel_2212,reel,2022-12-31,ACCENTURE,C00001,EP_IND,EP_IND_1,18,1.0,H,1960-07-31,1998-12-31,9055.0,30001,2264.0,31001,6,ncapi,0.035,net,1.0,0.0088,0.0113,TGHTGF05,TGHTGF05,0.02,1.0,0.0,0.0,0.0,2022-12-31,749,62,288,24,0.043800000000000006,1960
mp_passif_ep_reel_2212,reel,2022-12-31,ACCENTURE,C00001,EP_IND,EP_IND_1,19,1.0,H,1960-09-30,2018-12-31,77622.0,30001,19406.0,31001,6,ncapi,0.0,net,0.9,0.009,0.0115,TGHTGF05,TGHTGF05,0.02,1.0,0.0,0.0,0.0,2022-12-31,747,62,48,4,0.009999999999999998,1960
mp_passif_ep_reel_2212,reel,2022-12-31,ACCENTURE,C00001,EP_IND,EP_IND_1,20,1.0,H,1961-01-31,2005-12-31,4977.0,30001,1244.0,31001,6,ncapi,0.005,net,1.0,0.0106,0.0131,TGHTGF05,TGHTGF05,0.02,1.0,0.0,0.0,0.0,2022-12-31,743,61,204,17,0.0156,1961
mp_passif_ep_reel_2212,reel,2022-12-31,ACCENTURE,C00001,EP_IND,EP_IND_1,21,1.0,H,1961-05-31,1996-12-31,8508.0,30001,2127.0,31001,2,ncapi,0.0,net,1.0,0.03,0.0325,TGHTGF05,TGHTGF05,0.02,1.0,0.0,0.0,0.0,2022-12-31,739,61,312,26,0.03,1961
mp_passif_ep_reel_2212,reel,2022-12-31,ACCENTURE,C00001,EP_IND,EP_IND_1,22,1.0,H,1961-09-30,1999-12-31,4662.0,30001,1166.0,31001,6,ncapi,0.025,net,1.0,0.0088,0.0113,TGHTGF05,TGHTGF05,0.02,1.0,0.0,0.0,0.0,2022-12-31,735,61,276,23,0.033800000000000004,1961
mp_passif_ep_reel_2212,reel,2022-12-31,ACCENTURE,C00001,EP_IND,EP_IND_1,23,1.0,H,1961-10-31,2004-12-31,59228.0,30001,14807.0,31001,6,ncapi,0.0,net,1.0,0.0104,0.0129,TGHTGF05,TGHTGF05,0.02,1.0,0.0,0.0,0.0,2022-12-31,734,61,216,18,0.0104,1961
mp_passif_ep_reel_2212,reel,2022-12-31,ACCENTURE,C00001,EP_IND,EP_IND_1,24,1.0,H,1962-12-31,2014-12-31,4180.0,30001,1045.0,31001,2,ncapi,0.0,net,0.9,0.005,0.0075,TGHTGF05,TGHTGF05,0.02,1.0,0.0,0.0,0.0,2022-12-31,720,60,96,8,0.005555555555555556,1962
mp_passif_ep_reel_2212,reel,2022-12-31,ACCENTURE,C00001,EP_IND,EP_IND_1,25,1.0,H,1962-12-31,2014-12-31,111.0,30001,28.0,31001,2,ncapi,0.0,net,0.95,0.0065,0.009,TGHTGF05,TGHTGF05,0.02,1.0,0.0,0.0,0.0,2022-12-31,720,60,96,8,0.006842105263157895,1962
mp_passif_ep_reel_2212,reel,2022-12-31,ACCENTURE,C00001,EP_IND,EP_IND_1,26,1.0,H,1962-12-31,2014-12-31,37505.0,30001,9376.0,31001,2,ncapi,0.0,net,0.87,0.01,0.0125,TGHTGF05,TGHTGF05,0.02,1.0,0.0,0.0,0.0,2022-12-31,720,60,96,8,0.011494252873563218,1962
mp_passif_ep_reel_2212,reel,2022-12-31,ACCENTURE,C00001,EP_IND,EP_IND_1,27,1.0,H,1962-12-31,2014-12-31,106675.0,30001,26669.0,31001,1,ncapi,0.0,net,0.87,0.01,0.0125,TGHTGF05,TGHTGF05,0.02,1.0,0.0,0.0,0.0,2022-12-31,720,60,96,8,0.011494252873563218,1962
mp_passif_ep_reel_2212,reel,2022-12-31,ACCENTURE,C00001,EP_IND,EP_IND_1,28,1.0,H,1962-01-31,2012-12-31,2099354.0,30001,524839.0,31001,4,ncapi,0.0,net,0.9,0.0045,0.007,TGHTGF05,TGHTGF05,0.02,1.0,0.0,0.0,0.0,2022-12-31,731,60,120,10,0.004999999999999999,1962
mp_passif_ep_reel_2212,reel,2022-12-31,ACCENTURE,C00001,EP_IND,EP_IND_1,29,1.0,H,1962-03-31,2015-12-31,533694.0,30001,133424.0,31001,6,ncapi,0.0,net,0.9,0.008,0.0105,TGHTGF05,TGHTGF05,0.02,1.0,0.0,0.0,0.0,2022-12-31,729,60,84,7,0.008888888888888889,1962
mp_passif_ep_reel_2212,reel,2022-12-31,ACCENTURE,C00001,EP_IND,EP_IND_1,30,1.0,H,1962-06-30,2004-12-31,8054.0,30001,2013.0,31001,6,ncapi,0.0275,net,1.0,0.0104,0.0129,TGHTGF05,TGHTGF05,0.02,1.0,0.0,0.0,0.0,2022-12-31,726,60,216,18,0.0379,1962
mp_passif_ep_reel_2212,reel,2022-12-31,ACCENTURE,C00001,EP_IND,EP_IND_1,31,1.0,H,1962-06-30,2001-12-31,10621.0,30001,2655.0,31001,1,ncapi,0.0,net,0.95,0.0036,0.0061,TGHTGF05,TGHTGF05,0.02,1.0,0.0,0.0,0.0,2022-12-31,726,60,252,21,0.0037894736842105266,1962
mp_passif_ep_reel_2212,reel,2022-12-31,ACCENTURE,C00001,EP_IND,EP_IND_1,32,1.0,H,1962-10-31,2002-12-31,633.0,30001,158.0,31001,6,ncapi,0.0025,net,1.0,0.0107,0.0132,TGHTGF05,TGHTGF05,0.02,1.0,0.0,0.0,0.0,2022-12-31,722,60,240,20,0.0132,1962
mp_passif_ep_reel_2212,reel,2022-12-31,ACCENTURE,C00001,EP_IND,EP_IND_1,33,1.0,H,1963-12-31,2020-12-31,58750.0,30001,14687.0,31001,6,ncapi,0.0,net,0.9,0.01,0.0125,TGHTGF05,TGHTGF05,0.02,1.0,0.0,0.0,0.0,2022-12-31,708,59,24,2,0.011111111111111112,1963
mp_passif_ep_reel_2212,reel,2022-12-31,ACCENTURE,C00001,EP_IND,EP_IND_1,34,1.0,H,1963-03-31,1995-12-31,93817.0,30001,23454.0,31001,2,ncapi,0.045,net,0.9,0.004,0.0065,TGHTGF05,TGHTGF05,0.02,1.0,0.0,0.0,0.0,2022-12-31,717,59,324,27,0.05444444444444445,1963
mp_passif_ep_reel_2212,reel,2022-12-31,ACCENTURE,C00001,EP_IND,EP_IND_1,35,1.0,H,1963-04-30,2018-12-31,2762168.0,30001,690542.0,31001,4,ncapi,0.0,net,0.9,0.008,0.0105,TGHTGF05,TGHTGF05,0.02,1.0,0.0,0.0,0.0,2022-12-31,716,59,48,4,0.008888888888888889,1963
mp_passif_ep_reel_2212,reel,2022-12-31,ACCENTURE,C00001,EP_IND,EP_IND_1,36,1.0,H,1963-06-30,1995-12-31,44272.0,30001,11068.0,31001,2,ncapi,0.0036,net,0.9,0.004,0.0065,TGHTGF05,TGHTGF05,0.02,1.0,0.0,0.0,0.0,2022-12-31,714,59,324,27,0.008444444444444444,1963
mp_passif_ep_reel_2212,reel,2022-12-31,ACCENTURE,C00001,EP_IND,EP_IND_1,37,1.0,H,1963-07-31,2016-12-31,3447239.0,30001,861810.0,31001,3,ncapi,0.0,net,0.9,0.006,0.0085,TGHTGF05,TGHTGF05,0.02,1.0,0.0,0.0,0.0,2022-12-31,713,59,72,6,0.006666666666666666,1963
mp_passif_ep_reel_2212,reel,2022-12-31,ACCENTURE,C00001,EP_IND,EP_IND_2,38,1.0,H,1963-07-31,1995-12-31,44975.0,30001,11244.0,31001,2,ncapi,0.0,net,0.9,0.004,0.0065,TGHTGF05,TGHTGF05,0.02,1.0,0.0,0.0,0.0,2022-12-31,713,59,324,27,0.0044444444444444444,1963
mp_passif_ep_reel_2212,reel,2022-12-31,ACCENTURE,C00001,EP_IND,EP_IND_2,39,1.0,H,1963-09-30,2016-12-31,732587.0,30001,183147.0,31001,4,ncapi,0.0,net,0.9,0.0078,0.0103,TGHTGF05,TGHTGF05,0.02,1.0,0.0,0.0,0.0,2022-12-31,711,59,72,6,0.008666666666666666,1963
mp_passif_ep_reel_2212,reel,2022-12-31,ACCENTURE,C00001,EP_IND,EP_IND_2,40,1.0,H,1964-05-31,2002-12-31,253.0,30001,63.0,31001,6,ncapi,0.0025,net,1.0,0.0088,0.0113,TGHTGF05,TGHTGF05,0.02,1.0,0.0,0.0,0.0,2022-12-31,703,58,240,20,0.011300000000000001,1964
mp_passif_ep_reel_2212,reel,2022-12-31,ACCENTURE,C00001,EP_IND,EP_IND_2,41,1.0,H,1964-06-30,2019-12-31,125774.0,30001,31443.0,31001,4,ncapi,0.0,net,0.9,0.0076,0.0101,TGHTGF05,TGHTGF05,0.02,1.0,0.0,0.0,0.0,2022-12-31,702,58,36,3,0.008444444444444444,1964
mp_passif_ep_reel_2212,reel,2022-12-31,ACCENTURE,C00001,EP_IND,EP_IND_2,42,1.0,H,1965-05-31,2011-12-31,711932.0,30001,177983.0,31001,1,ncapi,0.0,net,0.96,0.008,0.0105,TGHTGF05,TGHTGF05,0.02,1.0,0.0,0.0,0.0,2022-12-31,691,57,132,11,0.008333333333333333,1965
mp_passif_ep_reel_2212,reel,2022-12-31,ACCENTURE,C00001,EP_IND,EP_IND_2,43,1.0,H,1965-06-30,1998-12-31,1036.0,30001,259.0,31001,6,ncapi,0.0,net,0.85,0.0089,0.0114,TGHTGF05,TGHTGF05,0.02,1.0,0.0,0.0,0.0,2022-12-31,690,57,288,24,0.010470588235294119,1965
mp_passif_ep_reel_2212,reel,2022-12-31,ACCENTURE,C00001,EP_IND,EP_IND_2,44,1.0,H,1965-09-30,1995-12-31,254470.0,30001,63617.0,31001,1,ncapi,0.0,net,0.96,0.0036,0.0061,TGHTGF05,TGHTGF05,0.02,1.0,0.0,0.0,0.0,2022-12-31,687,57,324,27,0.00375,1965
mp_passif_ep_reel_2212,reel,2022-12-31,ACCENTURE,C00001,EP_IND,EP_IND_2,45,1.0,H,1965-11-30,2005-12-31,5180.0,30001,1295.0,31001,6,ncapi,0.025,net,1.0,0.0107,0.0132,TGHTGF05,TGHTGF05,0.02,1.0,0.0,0.0,0.0,2022-12-31,685,57,204,17,0.0357,1965
mp_passif_ep_reel_2212,reel,2022-12-31,ACCENTURE,C00001,EP_IND,EP_IND_2,46,1.0,H,1966-12-31,2001-12-31,11540.0,30001,2885.0,31001,6,ncapi,0.03,net,1.0,0.0107,0.0132,TGHTGF05,TGHTGF05,0.02,1.0,0.0,0.0,0.0,2022-12-31,672,56,252,21,0.0407,1966
mp_passif_ep_reel_2212,reel,2022-12-31,ACCENTURE,C00001,EP_IND,EP_IND_2,47,1.0,H,1966-05-31,1998-12-31,2922359.0,30001,730590.0,31001,2,ncapi,0.0,net,0.9,0.0036,0.0061,TGHTGF05,TGHTGF05,0.02,1.0,0.0,0.0,0.0,2022-12-31,679,56,288,24,0.004,1966
mp_passif_ep_reel_2212,reel,2022-12-31,ACCENTURE,C00001,EP_IND,EP_IND_2,48,1.0,H,1966-06-30,1996-12-31,256832.0,30001,64208.0,31001,2,ncapi,0.0036,net,0.9,0.0036,0.0061,TGHTGF05,TGHTGF05,0.02,1.0,0.0,0.0,0.0,2022-12-31,678,56,312,26,0.008,1966
mp_passif_ep_reel_2212,reel,2022-12-31,ACCENTURE,C00001,EP_IND,EP_IND_2,49,1.0,H,1967-05-31,2012-12-31,672820.0,30001,168205.0,31001,1,ncapi,0.0,net,0.9,0.008,0.0105,TGHTGF05,TGHTGF05,0.02,1.0,0.0,0.0,0.0,2022-12-31,667,55,120,10,0.008888888888888889,1967
mp_passif_ep_reel_2212,reel,2022-12-31,ACCENTURE,C00001,EP_IND,EP_IND_2,50,1.0,H,1967-10-31,2006-12-31,11935.0,30001,2984.0,31001,6,ncapi,0.0025,net,1.0,0.0106,0.0131,TGHTGF05,TGHTGF05,0.02,1.0,0.0,0.0,0.0,2022-12-31,662,55,192,16,0.0131,1967
mp_passif_ep_reel_2212,reel,2022-12-31,ACCENTURE,C00001,EP_IND,EP_IND_2,51,1.0,H,1968-12-31,2009-12-31,186210.0,30001,46552.0,31001,6,ncapi,0.0,net,0.85,0.0099,0.0124,TGHTGF05,TGHTGF05,0.02,1.0,0.0,0.0,0.0,2022-12-31,648,54,156,13,0.011647058823529413,1968
mp_passif_ep_reel_2212,reel,2022-12-31,ACCENTURE,C00001,EP_IND,EP_IND_2,52,1.0,H,1968-01-31,2002-12-31,51428.0,30001,12857.0,31001,6,ncapi,0.03,net,1.0,0.0104,0.0129,TGHTGF05,TGHTGF05,0.02,1.0,0.0,0.0,0.0,2022-12-31,659,54,240,20,0.0404,1968
mp_passif_ep_reel_2212,reel,2022-12-31,ACCENTURE,C00001,EP_IND,EP_IND_2,53,1.0,H,1968-04-30,1996-12-31,158049.0,30001,39512.0,31001,1,ncapi,0.0,net,0.96,0.0078,0.0103,TGHTGF05,TGHTGF05,0.02,1.0,0.0,0.0,0.0,2022-12-31,656,54,312,26,0.008125,1968
mp_passif_ep_reel_2212,reel,2022-12-31,ACCENTURE,C00001,EP_IND,EP_IND_2,54,1.0,H,1968-06-30,2004-12-31,13209.0,30001,3302.0,31001,1,ncapi,0.0,brut,0.95,0.0068,0.0093,TGHTGF05,TGHTGF05,0.02,1.0,0.0,0.0,0.0,2022-12-31,654,54,216,18,0.007157894736842105,1968
mp_passif_ep_reel_2212,reel,2022-12-31,ACCENTURE,C00001,EP_IND,EP_IND_2,55,1.0,H,1968-08-31,1994-12-31,7156.0,30001,1789.0,31001,2,ncapi,0.0199,net,1.0,0.005,0.0075,TGHTGF05,TGHTGF05,0.02,1.0,0.0,0.0,0.0,2022-12-31,652,54,336,28,0.024900000000000002,1968
mp_passif_ep_reel_2212,reel,2022-12-31,ACCENTURE,C00001,EP_IND,EP_IND_2,56,1.0,H,1968-08-31,2006-12-31,1424.0,30001,356.0,31001,6,ncapi,0.0075,net,1.0,0.0106,0.0131,TGHTGF05,TGHTGF05,0.02,1.0,0.0,0.0,0.0,2022-12-31,652,54,192,16,0.018099999999999998,1968
mp_passif_ep_reel_2212,reel,2022-12-31,ACCENTURE,C00001,EP_IND,EP_IND_2,57,1.0,H,1969-03-31,2012-12-31,4745475.0,30001,1186369.0,31001,3,ncapi,0.0,net,0.96,0.006,0.0085,TGHTGF05,TGHTGF05,0.02,1.0,0.0,0.0,0.0,2022-12-31,645,53,120,10,0.00625,1969
mp_passif_ep_reel_2212,reel,2022-12-31,ACCENTURE,C00001,EP_IND,EP_IND_2,58,1.0,H,1969-07-31,2019-12-31,6548.0,30001,1637.0,31001,5,ncapi,0.0,net,0.98,0.0056,0.0081,TGHTGF05,TGHTGF05,0.02,1.0,0.0,0.0,0.0,2022-12-31,641,53,36,3,0.005714285714285714,1969
mp_passif_ep_reel_2212,reel,2022-12-31,ACCENTURE,C00001,EP_IND,EP_IND_2,59,1.0,H,1969-09-30,2019-12-31,210225.0,30001,52556.0,31001,4,ncapi,0.0,net,0.9,0.0075,0.01,TGHTGF05,TGHTGF05,0.02,1.0,0.0,0.0,0.0,2022-12-31,639,53,36,3,0.008333333333333333,1969
mp_passif_ep_reel_2212,reel,2022-12-31,ACCENTURE,C00001,EP_IND,EP_IND_2,60,1.0,H,1969-11-30,1998-12-31,1541.0,30001,385.0,31001,6,ncapi,0.035,net,1.0,0.0107,0.0132,TGHTGF05,TGHTGF05,0.02,1.0,0.0,0.0,0.0,2022-12-31,637,53,288,24,0.045700000000000005,1969
mp_passif_ep_reel_2212,reel,2022-12-31,ACCENTURE,C00001,EP_IND,EP_IND_2,61,1.0,H,1970-07-31,2018-12-31,97.0,30001,24.0,31001,6,ncapi,0.0,net,0.85,0.0057,0.0082,TGHTGF05,TGHTGF05,0.02,1.0,0.0,0.0,0.0,2022-12-31,629,52,48,4,0.006705882352941177,1970
mp_passif_ep_reel_2212,reel,2022-12-31,ACCENTURE,C00001,EP_IND,EP_IND_2,62,1.0,H,1970-07-31,2001-12-31,849.0,30001,212.0,31001,6,ncapi,0.0325,net,1.0,0.0107,0.0132,TGHTGF05,TGHTGF05,0.02,1.0,0.0,0.0,0.0,2022-12-31,629,52,252,21,0.0432,1970
mp_passif_ep_reel_2212,reel,2022-12-31,ACCENTURE,C00001,EP_IND,EP_IND_2,63,1.0,H,1971-05-31,2003-12-31,7231.0,30001,1808.0,31001,6,ncapi,0.0025,net,1.0,0.0104,0.0129,TGHTGF05,TGHTGF05,0.02,1.0,0.0,0.0,0.0,2022-12-31,619,51,228,19,0.0129,1971
mp_passif_ep_reel_2212,reel,2022-12-31,ACCENTURE,C00001,EP_IND,EP_IND_2,64,1.0,H,1971-09-30,1996-12-31,18762.0,30001,4691.0,31001,4,ncapi,0.0,net,0.9,0.0074,0.0099,TGHTGF05,TGHTGF05,0.02,1.0,0.0,0.0,0.0,2022-12-31,615,51,312,26,0.008222222222222223,1971
mp_passif_ep_reel_2212,reel,2022-12-31,ACCENTURE,C00001,EP_IND,EP_IND_2,65,1.0,H,1972-02-29,2016-12-31,43821.0,30001,10955.0,31001,5,ncapi,0.0027,net,0.98,0.0052,0.0077,TGHTGF05,TGHTGF05,0.02,1.0,0.0,0.0,0.0,2022-12-31,610,50,72,6,0.00806122448979592,1972
mp_passif_ep_reel_2212,reel,2022-12-31,ACCENTURE,C00001,EP_IND,EP_IND_2,66,1.0,H,1972-03-31,2008-12-31,10479723.0,30001,2619931.0,31001,1,ncapi,0.0,net,0.95,0.0068,0.0093,TGHTGF05,TGHTGF05,0.02,1.0,0.0,0.0,0.0,2022-12-31,609,50,168,14,0.007157894736842105,1972
mp_passif_ep_reel_2212,reel,2022-12-31,ACCENTURE,C00001,EP_IND,EP_IND_2,67,1.0,H,1974-12-31,2014-12-31,394142.0,30001,98535.0,31001,6,ncapi,0.0,net,0.9,0.0076,0.0101,TGHTGF05,TGHTGF05,0.02,1.0,0.0,0.0,0.0,2022-12-31,576,48,96,8,0.008444444444444444,1974
mp_passif_ep_reel_2212,reel,2022-12-31,ACCENTURE,C00001,EP_IND,EP_IND_2,68,1.0,H,1975-03-31,2006-12-31,448.0,30001,112.0,31001,6,ncapi,0.0325,net,1.0,0.0106,0.0131,TGHTGF05,TGHTGF05,0.02,1.0,0.0,0.0,0.0,2022-12-31,573,47,192,16,0.0431,1975
mp_passif_ep_reel_2212,reel,2022-12-31,ACCENTURE,C00001,EP_IND,EP_IND_2,69,1.0,H,1977-03-31,1996-12-31,401206.0,30001,100301.0,31001,2,ncapi,0.0,net,0.9,0.006,0.0085,TGHTGF05,TGHTGF05,0.02,1.0,0.0,0.0,0.0,2022-12-31,549,45,312,26,0.006666666666666666,1977
mp_passif_ep_reel_2212,reel,2022-12-31,ACCENTURE,C00001,EP_IND,EP_IND_2,70,1.0,H,1977-03-31,1996-12-31,451894.0,30001,112973.0,31001,2,ncapi,0.0036,net,0.9,0.006,0.0085,TGHTGF05,TGHTGF05,0.02,1.0,0.0,0.0,0.0,2022-12-31,549,45,312,26,0.010666666666666668,1977
mp_passif_ep_reel_2212,reel,2022-12-31,ACCENTURE,C00001,EP_IND,EP_IND_2,71,1.0,H,1977-09-30,2005-12-31,4517.0,30001,1129.0,31001,6,ncapi,0.0,net,1.0,0.0107,0.0132,TGHTGF05,TGHTGF05,0.02,1.0,0.0,0.0,0.0,2022-12-31,543,45,204,17,0.0107,1977
mp_passif_ep_reel_2212,reel,2022-12-31,ACCENTURE,C00001,EP_IND,EP_IND_2,72,1.0,H,1977-09-30,2011-12-31,2284.0,30001,571.0,31001,5,ncapi,0.0,net,0.96,0.0048,0.0073,TGHTGF05,TGHTGF05,0.02,1.0,0.0,0.0,0.0,2022-12-31,543,45,132,11,0.005,1977
mp_passif_ep_reel_2212,reel,2022-12-31,ACCENTURE,C00001,EP_IND,EP_IND_2,73,1.0,H,1978-05-31,2004-12-31,840.0,30001,210.0,31001,6,ncapi,0.005,net,1.0,0.0104,0.0129,TGHTGF05,TGHTGF05,0.02,1.0,0.0,0.0,0.0,2022-12-31,535,44,216,18,0.0154,1978
mp_passif_ep_reel_2212,reel,2022-12-31,ACCENTURE,C00001,EP_IND,EP_IND_2,74,1.0,H,1979-12-31,1996-12-31,1888.0,30001,472.0,31001,2,ncapi,0.045,net,0.9,0.0036,0.0061,TGHTGF05,TGHTGF05,0.02,1.0,0.0,0.0,0.0,2022-12-31,516,43,312,26,0.05399999999999999,1979
mp_passif_ep_reel_2212,reel,2022-12-31,ACCENTURE,C00001,EP_IND,EP_IND_2,75,1.0,H,1981-03-31,2007-12-31,55758.0,30001,13940.0,31001,5,ncapi,0.0,net,0.98,0.0033,0.0058,TGHTGF05,TGHTGF05,0.02,1.0,0.0,0.0,0.0,2022-12-31,501,41,180,15,0.0033673469387755102,1981
mp_passif_ep_reel_2212,reel,2022-12-31,ACCENTURE,C00001,EP_IND,EP_IND_2,76,1.0,H,1983-06-30,1989-12-31,1039.0,30001,260.0,31001,2,ncapi,0.045,net,0.98,0.004,0.0065,TGHTGF05,TGHTGF05,0.02,1.0,0.0,0.0,0.0,2022-12-31,474,39,396,33,0.05,1983
mp_passif_ep_reel_2212,reel,2022-12-31,ACCENTURE,C00001,EP_IND,EP_IND_2,77,1.0,H,1986-05-31,2002-12-31,70109.0,30001,17527.0,31001,5,ncapi,0.0,net,1.0,0.007,0.0095,TGHTGF05,TGHTGF05,0.02,1.0,0.0,0.0,0.0,2022-12-31,439,36,240,20,0.007,1986
mp_passif_ep_reel_2212,reel,2022-12-31,ACCENTURE,C00001,EP_IND,EP_IND_2,78,1.0,H,1986-05-31,2002-12-31,39.0,30001,10.0,31001,5,ncapi,0.045,net,1.0,0.007,0.0095,TGHTGF05,TGHTGF05,0.02,1.0,0.0,0.0,0.0,2022-12-31,439,36,240,20,0.052,1986
mp_passif_ep_reel_2212,reel,2022-12-31,ACCENTURE,C00001,EP_IND,EP_IND_2,79,1.0,H,1986-05-31,2002-12-31,107.0,30001,27.0,31001,5,ncapi,0.0,brut,1.0,0.007,0.0095,TGHTGF05,TGHTGF05,0.02,1.0,0.0,0.0,0.0,2022-12-31,439,36,240,20,0.007,1986
mp_passif_ep_reel_2212,reel,2022-12-31,ACCENTURE,C00001,EP_IND,EP_IND_2,80,1.0,H,1989-04-30,1999-12-31,444.0,30001,111.0,31001,5,ncapi,0.0036,net,0.95,0.004,0.0065,TGHTGF05,TGHTGF05,0.02,1.0,0.0,0.0,0.0,2022-12-31,404,33,276,23,0.008,1989
mp_passif_ep_reel_2212,reel,2022-12-31,ACCENTURE,C00001,EP_IND,EP_IND_2,81,1.0,H,1989-04-30,1999-12-31,40.0,30001,10.0,31001,5,ncapi,0.0,net,0.95,0.004,0.0065,TGHTGF05,TGHTGF05,0.02,1.0,0.0,0.0,0.0,2022-12-31,404,33,276,23,0.004210526315789474,1989
